Capability,Thosjod,Handhold,Expertise.ai,Qualified,Intercom Fin,Drift,Warmly,Supademo,Navattic,Reprise,BharatGPT / CoRover,CoRover.ai,Haptik,Yellow.ai,Gupshup,Uniphore,Skit.ai,Verloop.io,Niki.ai,Gnani.ai,Smytten AI,Chatbase,Tidio Lyro,Landbot,Wonderchat,SiteGPT,Botsonic,Kommunicate,WotNot,Engati,Ada,Lindy,Relevance AI,Clay,11x,Artisan,Regie.ai,Conversica,AiSDR,Outreach,Salesloft
Website personalization,Yes (source: 62-feature PDF),Yes (public description),Not identified in source,Not identified in source,Not identified in source,Not identified in source,Not identified in source,Not identified in source,Not identified in source,Yes (public description),Not identified in source,Not identified in source,Not identified in source,Not identified in source,Not identified in source,Not identified in source,Not identified in source,Not identified in source,Not identified in source,Not identified in source,Not identified in source,Not identified in source,Not identified in source,Not identified in source,Not identified in source,Not identified in source,Not identified in source,Not identified in source,Not identified in source,Not identified in source,Not identified in source,Not identified in source,Not identified in source,Not identified in source,Not identified in source,Not identified in source,Not identified in source,Not identified in source,Not identified in source,Not identified in source,Not identified in source
Dynamic content,Yes (source: 62-feature PDF),Yes (public description),Not identified in source,Not identified in source,Not identified in source,Not identified in source,Not identified in source,Not identified in source,Not identified in source,Yes (public description),Not identified in source,Not identified in source,Not identified in source,Not identified in source,Not identified in source,Not identified in source,Not identified in source,Not identified in source,Not identified in source,Not identified in source,Not identified in source,Not identified in source,Not identified in source,Not identified in source,Not identified in source,Not identified in source,Not identified in source,Not identified in source,Not identified in source,Not identified in source,Not identified in source,Not identified in source,Not identified in source,Not identified in source,Not identified in source,Not identified in source,Not identified in source,Not identified in source,Not identified in source,Not identified in source,Not identified in source
Visitor identification,Yes (source: 62-feature PDF),Not identified in source,Yes (public description),Not identified in source,Not identified in source,Not identified in source,Yes (public description),Not identified in source,Not identified in source,Not identified in source,Not identified in source,Not identified in source,Not identified in source,Not identified in source,Not identified in source,Not identified in source,Not identified in source,Not identified in source,Not identified in source,Not identified in source,Not identified in source,Not identified in source,Not identified in source,Not identified in source,Not identified in source,Not identified in source,Not identified in source,Not identified in source,Not identified in source,Not identified in source,Not identified in source,Not identified in source,Not identified in source,Not identified in source,Not identified in source,Not identified in source,Not identified in source,Not identified in source,Not identified in source,Not identified in source,Not identified in source
Deanonymization,Yes (source: 62-feature PDF),Not identified in source,Not identified in source,Not identified in source,Not identified in source,Not identified in source,Yes (public description),Not identified in source,Not identified in source,Not identified in source,Not identified in source,Not identified in source,Not identified in source,Not identified in source,Not identified in source,Not identified in source,Not identified in source,Not identified in source,Not identified in source,Not identified in source,Not identified in source,Not identified in source,Not identified in source,Not identified in source,Not identified in source,Not identified in source,Not identified in source,Not identified in source,Not identified in source,Not identified in source,Not identified in source,Not identified in source,Not identified in source,Not identified in source,Not identified in source,Not identified in source,Not identified in source,Not identified in source,Not identified in source,Not identified in source,Not identified in source
Identity resolution,Yes (source: 62-feature PDF),Not identified in source,Not identified in source,Not identified in source,Not identified in source,Not identified in source,Yes (public description),Not identified in source,Not identified in source,Not identified in source,Not identified in source,Not identified in source,Not identified in source,Not identified in source,Not identified in source,Not identified in source,Not identified in source,Not identified in source,Not identified in source,Not identified in source,Not identified in source,Not identified in source,Not identified in source,Not identified in source,Not identified in source,Not identified in source,Not identified in source,Not identified in source,Not identified in source,Not identified in source,Not identified in source,Not identified in source,Not identified in source,Not identified in source,Not identified in source,Not identified in source,Not identified in source,Not identified in source,Not identified in source,Not identified in source,Not identified in source
Enrichment,Yes (source: 62-feature PDF),Not identified in source,Not identified in source,Not identified in source,Not identified in source,Not identified in source,Not identified in source,Not identified in source,Not identified in source,Not identified in source,Not identified in source,Not identified in source,Not identified in source,Not identified in source,Not identified in source,Not identified in source,Not identified in source,Not identified in source,Not identified in source,Not identified in source,Not identified in source,Not identified in source,Not identified in source,Not identified in source,Not identified in source,Not identified in source,Not identified in source,Not identified in source,Not identified in source,Not identified in source,Not identified in source,Not identified in source,Yes (public description),Yes (public description),Not identified in source,Not identified in source,Not identified in source,Not identified in source,Not identified in source,Not identified in source,Not identified in source
ICP scoring,Yes (source: 62-feature PDF),Not identified in source,Not identified in source,Not identified in source,Not identified in source,Not identified in source,Not identified in source,Not identified in source,Not identified in source,Not identified in source,Not identified in source,Not identified in source,Not identified in source,Not identified in source,Not identified in source,Not identified in source,Not identified in source,Not identified in source,Not identified in source,Not identified in source,Not identified in source,Not identified in source,Not identified in source,Not identified in source,Not identified in source,Not identified in source,Not identified in source,Not identified in source,Not identified in source,Not identified in source,Not identified in source,Not identified in source,Not identified in source,Yes (public description),Not identified in source,Not identified in source,Not identified in source,Not identified in source,Not identified in source,Not identified in source,Not identified in source
Lead qualification,Yes (source: 62-feature PDF),Yes (public description),Yes (public description),Yes (public description),Yes (public description),Yes (public description),Not identified in source,Yes (public description),Yes (public description),Not identified in source,Not identified in source,Not identified in source,Not identified in source,Not identified in source,Not identified in source,Not identified in source,Not identified in source,Not identified in source,Not identified in source,Not identified in source,Not identified in source,Not identified in source,Not identified in source,Yes (public description),Not identified in source,Not identified in source,Not identified in source,Not identified in source,Yes (public description),Not identified in source,Not identified in source,Yes (public description),Not identified in source,Not identified in source,Not identified in source,Not identified in source,Not identified in source,Yes (public description),Yes (public description),Not identified in source,Not identified in source
Lead routing,Yes (source: 62-feature PDF),Not identified in source,Not identified in source,Yes (public description),Yes (public description),Yes (public description),Not identified in source,Not identified in source,Not identified in source,Not identified in source,Not identified in source,Not identified in source,Not identified in source,Not identified in source,Not identified in source,Not identified in source,Not identified in source,Not identified in source,Not identified in source,Not identified in source,Not identified in source,Not identified in source,Not identified in source,Not identified in source,Not identified in source,Not identified in source,Not identified in source,Not identified in source,Not identified in source,Not identified in source,Not identified in source,Not identified in source,Not identified in source,Not identified in source,Not identified in source,Not identified in source,Not identified in source,Not identified in source,Not identified in source,Not identified in source,Not identified in source
Meeting booking,Yes (source: 62-feature PDF),Not identified in source,Yes (public description),Yes (public description),Not identified in source,Yes (public description),Not identified in source,Not identified in source,Not identified in source,Not identified in source,Not identified in source,Not identified in source,Not identified in source,Not identified in source,Not identified in source,Not identified in source,Not identified in source,Not identified in source,Not identified in source,Not identified in source,Not identified in source,Not identified in source,Not identified in source,Not identified in source,Not identified in source,Not identified in source,Not identified in source,Not identified in source,Not identified in source,Not identified in source,Not identified in source,Yes (public description),Not identified in source,Not identified in source,Not identified in source,Not identified in source,Not identified in source,Not identified in source,Not identified in source,Not identified in source,Not identified in source
Sales Agent,Yes (source: 62-feature PDF),Not identified in source,Yes (public description),Yes (public description),Not identified in source,Not identified in source,Not identified in source,Not identified in source,Not identified in source,Not identified in source,Not identified in source,Not identified in source,Not identified in source,Not identified in source,Not identified in source,Not identified in source,Not identified in source,Not identified in source,Not identified in source,Not identified in source,Not identified in source,Not identified in source,Not identified in source,Not identified in source,Not identified in source,Not identified in source,Not identified in source,Not identified in source,Not identified in source,Not identified in source,Not identified in source,Not identified in source,Not identified in source,Not identified in source,Yes (public description),Yes (public description),Not identified in source,Not identified in source,Not identified in source,Not identified in source,Not identified in source
Support Agent,Yes (source: 62-feature PDF),Not identified in source,Not identified in source,Not identified in source,Yes (public description),Not identified in source,Not identified in source,Not identified in source,Not identified in source,Not identified in source,Not identified in source,Not identified in source,Yes (public description),Yes (public description),Not identified in source,Not identified in source,Not identified in source,Yes (public description),Not identified in source,Not identified in source,Not identified in source,Not identified in source,Yes (public description),Not identified in source,Not identified in source,Not identified in source,Not identified in source,Yes (public description),Yes (public description),Not identified in source,Yes (public description),Not identified in source,Not identified in source,Not identified in source,Not identified in source,Not identified in source,Not identified in source,Not identified in source,Not identified in source,Not identified in source,Not identified in source
Voice AI,Yes (source: 62-feature PDF),Not identified in source,Not identified in source,Not identified in source,Not identified in source,Not identified in source,Not identified in source,Not identified in source,Not identified in source,Not identified in source,Yes (public description),Yes (public description),Yes (public description),Yes (public description),Not identified in source,Yes (public description),Yes (public description),Not identified in source,Not identified in source,Yes (public description),Not identified in source,Not identified in source,Not identified in source,Not identified in source,Not identified in source,Not identified in source,Not identified in source,Not identified in source,Not identified in source,Not identified in source,Not identified in source,Not identified in source,Not identified in source,Not identified in source,Not identified in source,Not identified in source,Not identified in source,Not identified in source,Not identified in source,Not identified in source,Not identified in source
Multilingual AI,Yes (source: 62-feature PDF),Not identified in source,Not identified in source,Not identified in source,Not identified in source,Not identified in source,Not identified in source,Not identified in source,Not identified in source,Not identified in source,Yes (public description),Yes (public description),Not identified in source,Yes (public description),Not identified in source,Not identified in source,Yes (public description),Not identified in source,Not identified in source,Not identified in source,Not identified in source,Not identified in source,Not identified in source,Not identified in source,Not identified in source,Not identified in source,Yes (public description),Not identified in source,Not identified in source,Not identified in source,Yes (public description),Not identified in source,Not identified in source,Not identified in source,Not identified in source,Not identified in source,Not identified in source,Not identified in source,Not identified in source,Not identified in source,Not identified in source
Grounded responses,Yes (source: 62-feature PDF),Not identified in source,Not identified in source,Not identified in source,Yes (public description),Not identified in source,Not identified in source,Not identified in source,Not identified in source,Not identified in source,Yes (public description),Not identified in source,Not identified in source,Not identified in source,Not identified in source,Not identified in source,Not identified in source,Not identified in source,Not identified in source,Not identified in source,Not identified in source,Not identified in source,Not identified in source,Not identified in source,Not identified in source,Not identified in source,Not identified in source,Not identified in source,Not identified in source,Yes (public description),Not identified in source,Not identified in source,Not identified in source,Not identified in source,Not identified in source,Not identified in source,Not identified in source,Not identified in source,Not identified in source,Not identified in source,Not identified in source
Automated follow-up,Yes (source: 62-feature PDF),Not identified in source,Not identified in source,Not identified in source,Not identified in source,Not identified in source,Not identified in source,Not identified in source,Not identified in source,Not identified in source,Not identified in source,Not identified in source,Not identified in source,Not identified in source,Not identified in source,Not identified in source,Not identified in source,Not identified in source,Not identified in source,Not identified in source,Not identified in source,Not identified in source,Not identified in source,Not identified in source,Not identified in source,Not identified in source,Not identified in source,Not identified in source,Not identified in source,Not identified in source,Not identified in source,Not identified in source,Not identified in source,Not identified in source,Not identified in source,Not identified in source,Not identified in source,Yes (public description),Yes (public description),Not identified in source,Not identified in source
AI playbooks,Yes (source: 62-feature PDF),Not identified in source,Yes (public description),Yes (public description),Not identified in source,Not identified in source,Not identified in source,Not identified in source,Not identified in source,Not identified in source,Not identified in source,Not identified in source,Not identified in source,Not identified in source,Not identified in source,Not identified in source,Not identified in source,Not identified in source,Not identified in source,Not identified in source,Not identified in source,Not identified in source,Not identified in source,Not identified in source,Not identified in source,Not identified in source,Not identified in source,Not identified in source,Yes (public description),Not identified in source,Not identified in source,Yes (public description),Yes (public description),Yes (public description),Not identified in source,Not identified in source,Not identified in source,Not identified in source,Not identified in source,Yes (public description),Not identified in source
Social SDR,Yes (source: 62-feature PDF),Not identified in source,Not identified in source,Not identified in source,Not identified in source,Not identified in source,Not identified in source,Not identified in source,Not identified in source,Not identified in source,Not identified in source,Not identified in source,Not identified in source,Not identified in source,Yes (public description),Not identified in source,Not identified in source,Not identified in source,Not identified in source,Not identified in source,Not identified in source,Not identified in source,Not identified in source,Yes (public description),Not identified in source,Not identified in source,Not identified in source,Not identified in source,Yes (public description),Yes (public description),Not identified in source,Not identified in source,Not identified in source,Not identified in source,Not identified in source,Not identified in source,Not identified in source,Not identified in source,Not identified in source,Not identified in source,Not identified in source
CRM sync,Yes (source: 62-feature PDF),Yes (public description),Yes (public description),Yes (public description),Not identified in source,Not identified in source,Not identified in source,Not identified in source,Not identified in source,Not identified in source,Yes (public description),Not identified in source,Not identified in source,Not identified in source,Not identified in source,Not identified in source,Not identified in source,Not identified in source,Not identified in source,Not identified in source,Not identified in source,Not identified in source,Not identified in source,Not identified in source,Not identified in source,Not identified in source,Not identified in source,Not identified in source,Not identified in source,Not identified in source,Not identified in source,Yes (public description),Yes (public description),Not identified in source,Not identified in source,Not identified in source,Not identified in source,Yes (public description),Not identified in source,Not identified in source,Not identified in source
Analytics,Yes (source: 62-feature PDF),Not identified in source,Not identified in source,Not identified in source,Not identified in source,Not identified in source,Not identified in source,Not identified in source,Not identified in source,Not identified in source,Not identified in source,Not identified in source,Not identified in source,Not identified in source,Not identified in source,Yes (public description),Yes (public description),Yes (public description),Not identified in source,Not identified in source,Not identified in source,Not identified in source,Not identified in source,Not identified in source,Not identified in source,Not identified in source,Not identified in source,Not identified in source,Not identified in source,Not identified in source,Yes (public description),Not identified in source,Not identified in source,Not identified in source,Not identified in source,Not identified in source,Not identified in source,Not identified in source,Not identified in source,Not identified in source,Yes (public description)
Revenue attribution,Yes (source: 62-feature PDF),Not identified in source,Not identified in source,Not identified in source,Not identified in source,Not identified in source,Not identified in source,Not identified in source,Not identified in source,Not identified in source,Not identified in source,Not identified in source,Not identified in source,Not identified in source,Not identified in source,Not identified in source,Not identified in source,Not identified in source,Not identified in source,Not identified in source,Not identified in source,Not identified in source,Not identified in source,Not identified in source,Not identified in source,Not identified in source,Not identified in source,Not identified in source,Not identified in source,Not identified in source,Not identified in source,Not identified in source,Not identified in source,Not identified in source,Not identified in source,Not identified in source,Not identified in source,Yes (public description),Not identified in source,Yes (public description),Yes (public description)
Funnel analytics,Yes (source: 62-feature PDF),Not identified in source,Not identified in source,Not identified in source,Not identified in source,Not identified in source,Not identified in source,Not identified in source,Not identified in source,Not identified in source,Not identified in source,Not identified in source,Not identified in source,Not identified in source,Not identified in source,Not identified in source,Not identified in source,Not identified in source,Not identified in source,Not identified in source,Not identified in source,Not identified in source,Not identified in source,Not identified in source,Not identified in source,Not identified in source,Not identified in source,Not identified in source,Not identified in source,Not identified in source,Not identified in source,Not identified in source,Not identified in source,Not identified in source,Not identified in source,Not identified in source,Not identified in source,Not identified in source,Not identified in source,Not identified in source,Not identified in source
Sentiment analysis,Yes (source: 62-feature PDF),Not identified in source,Not identified in source,Not identified in source,Not identified in source,Not identified in source,Not identified in source,Not identified in source,Not identified in source,Not identified in source,Not identified in source,Not identified in source,Not identified in source,Not identified in source,Not identified in source,Not identified in source,Not identified in source,Not identified in source,Not identified in source,Not identified in source,Not identified in source,Not identified in source,Not identified in source,Not identified in source,Not identified in source,Not identified in source,Not identified in source,Not identified in source,Not identified in source,Not identified in source,Not identified in source,Not identified in source,Not identified in source,Not identified in source,Not identified in source,Not identified in source,Not identified in source,Not identified in source,Not identified in source,Not identified in source,Not identified in source
Heatmaps,Yes (source: 62-feature PDF),Not identified in source,Not identified in source,Not identified in source,Not identified in source,Not identified in source,Not identified in source,Not identified in source,Not identified in source,Not identified in source,Not identified in source,Not identified in source,Not identified in source,Not identified in source,Not identified in source,Not identified in source,Not identified in source,Not identified in source,Not identified in source,Not identified in source,Not identified in source,Not identified in source,Not identified in source,Not identified in source,Not identified in source,Not identified in source,Not identified in source,Not identified in source,Not identified in source,Not identified in source,Not identified in source,Not identified in source,Not identified in source,Not identified in source,Not identified in source,Not identified in source,Not identified in source,Not identified in source,Not identified in source,Not identified in source,Not identified in source
Knowledge gaps,Yes (source: 62-feature PDF),Not identified in source,Not identified in source,Not identified in source,Not identified in source,Not identified in source,Not identified in source,Not identified in source,Not identified in source,Not identified in source,Not identified in source,Not identified in source,Not identified in source,Not identified in source,Not identified in source,Not identified in source,Not identified in source,Not identified in source,Not identified in source,Not identified in source,Not identified in source,Not identified in source,Not identified in source,Not identified in source,Not identified in source,Not identified in source,Not identified in source,Not identified in source,Not identified in source,Not identified in source,Not identified in source,Not identified in source,Not identified in source,Not identified in source,Not identified in source,Not identified in source,Not identified in source,Not identified in source,Not identified in source,Not identified in source,Not identified in source
AI visibility,Yes (source: 62-feature PDF),Not identified in source,Not identified in source,Not identified in source,Not identified in source,Not identified in source,Not identified in source,Not identified in source,Not identified in source,Not identified in source,Not identified in source,Not identified in source,Not identified in source,Not identified in source,Not identified in source,Not identified in source,Not identified in source,Not identified in source,Not identified in source,Not identified in source,Not identified in source,Not identified in source,Not identified in source,Not identified in source,Not identified in source,Not identified in source,Not identified in source,Not identified in source,Not identified in source,Not identified in source,Not identified in source,Not identified in source,Not identified in source,Not identified in source,Not identified in source,Not identified in source,Not identified in source,Not identified in source,Not identified in source,Not identified in source,Not identified in source
AI engine tracking,Yes (source: 62-feature PDF),Not identified in source,Not identified in source,Not identified in source,Not identified in source,Not identified in source,Not identified in source,Not identified in source,Not identified in source,Not identified in source,Not identified in source,Not identified in source,Not identified in source,Not identified in source,Not identified in source,Not identified in source,Not identified in source,Not identified in source,Not identified in source,Not identified in source,Not identified in source,Not identified in source,Not identified in source,Not identified in source,Not identified in source,Not identified in source,Not identified in source,Not identified in source,Not identified in source,Not identified in source,Not identified in source,Not identified in source,Not identified in source,Not identified in source,Not identified in source,Not identified in source,Not identified in source,Not identified in source,Not identified in source,Not identified in source,Not identified in source
Competitor mention tracking,Yes (source: 62-feature PDF),Not identified in source,Not identified in source,Not identified in source,Not identified in source,Not identified in source,Not identified in source,Not identified in source,Not identified in source,Not identified in source,Not identified in source,Not identified in source,Not identified in source,Not identified in source,Not identified in source,Not identified in source,Not identified in source,Not identified in source,Not identified in source,Not identified in source,Not identified in source,Not identified in source,Not identified in source,Not identified in source,Not identified in source,Not identified in source,Not identified in source,Not identified in source,Not identified in source,Not identified in source,Not identified in source,Not identified in source,Not identified in source,Not identified in source,Not identified in source,Not identified in source,Not identified in source,Not identified in source,Not identified in source,Not identified in source,Not identified in source
GEO/AEO audit,Yes (source: 62-feature PDF),Not identified in source,Not identified in source,Not identified in source,Not identified in source,Not identified in source,Not identified in source,Not identified in source,Not identified in source,Not identified in source,Not identified in source,Not identified in source,Not identified in source,Not identified in source,Not identified in source,Not identified in source,Not identified in source,Not identified in source,Not identified in source,Not identified in source,Not identified in source,Not identified in source,Not identified in source,Not identified in source,Not identified in source,Not identified in source,Not identified in source,Not identified in source,Not identified in source,Not identified in source,Not identified in source,Not identified in source,Not identified in source,Not identified in source,Not identified in source,Not identified in source,Not identified in source,Not identified in source,Not identified in source,Not identified in source,Not identified in source
Prompt tracking,Yes (source: 62-feature PDF),Not identified in source,Not identified in source,Not identified in source,Not identified in source,Not identified in source,Not identified in source,Not identified in source,Not identified in source,Not identified in source,Not identified in source,Not identified in source,Not identified in source,Not identified in source,Not identified in source,Not identified in source,Not identified in source,Not identified in source,Not identified in source,Not identified in source,Not identified in source,Not identified in source,Not identified in source,Not identified in source,Not identified in source,Not identified in source,Not identified in source,Not identified in source,Not identified in source,Not identified in source,Not identified in source,Not identified in source,Not identified in source,Not identified in source,Not identified in source,Not identified in source,Not identified in source,Not identified in source,Not identified in source,Not identified in source,Not identified in source
Enterprise controls,Yes (source: 62-feature PDF),Not identified in source,Not identified in source,Yes (public description),Not identified in source,Not identified in source,Not identified in source,Not identified in source,Not identified in source,Not identified in source,Yes (public description),Yes (public description),Yes (public description),Yes (public description),Not identified in source,Yes (public description),Not identified in source,Not identified in source,Not identified in source,Not identified in source,Not identified in source,Not identified in source,Not identified in source,Not identified in source,Not identified in source,Not identified in source,Not identified in source,Not identified in source,Not identified in source,Not identified in source,Yes (public description),Not identified in source,Not identified in source,Not identified in source,Not identified in source,Not identified in source,Not identified in source,Not identified in source,Not identified in source,Not identified in source,Not identified in source
